0.3220135271549225,0.8486121296882629,0.41577404737472534,0.7951297163963318,0.4999510943889618,0.6993464231491089,0.5730485320091248,0.6352022886276245,0.6430149674415588,0.6150122880935669,0.4275559186935425,0.5316413640975952,0.4732409119606018,0.4021229147911072,0.5014564990997314,0.3199363648891449,0.5255937576293945,0.24749383330345154,0.3574651777744293,0.5114818811416626,0.3610231280326843,0.3550902009010315,0.36765676736831665,0.25679799914360046,0.37135958671569824,0.17444652318954468,0.29394102096557617,0.5303205251693726,0.26709696650505066,0.3900177478790283,0.25745922327041626,0.29587414860725403,0.25396615266799927,0.21194040775299072,0.23983833193778992,0.5798124670982361,0.18596996366977692,0.49265629053115845,0.15523554384708405,0.43192949891090393,0.13431085646152496,0.3699091672897339
0.3207550644874573,0.839002251625061,0.41319984197616577,0.7874560952186584,0.49726441502571106,0.6936815977096558,0.5707086324691772,0.629703938961029,0.6406376957893372,0.6082773804664612,0.42376816272735596,0.5282619595527649,0.46848469972610474,0.39815807342529297,0.4950488209724426,0.3160785436630249,0.5174535512924194,0.24400854110717773,0.3546362817287445,0.5077176094055176,0.3578208088874817,0.3512132167816162,0.36251309514045715,0.2517026960849762,0.3640254735946655,0.1693454384803772,0.2920289635658264,0.5256327986717224,0.2661134898662567,0.38614505529403687,0.25733423233032227,0.2928400933742523,0.25398966670036316,0.21004217863082886,0.2393285185098648,0.5738441348075867,0.18716202676296234,0.487920343875885,0.15653599798679352,0.42808228731155396,0.13484176993370056,0.36705702543258667
0.32118964195251465,0.8437029123306274,0.41473841667175293,0.7948195338249207,0.4984068274497986,0.7019656896591187,0.5706697106361389,0.6404549479484558,0.6390782594680786,0.6221826076507568,0.4270216226577759,0.5394107103347778,0.4739610254764557,0.4097777307033539,0.5020573139190674,0.3260023593902588,0.5256339907646179,0.2529652416706085,0.35686182975769043,0.5162166357040405,0.3613888621330261,0.35658782720565796,0.3668414056301117,0.2567025125026703,0.368813157081604,0.174037903547287,0.2932022213935852,0.5326027274131775,0.26751965284347534,0.3929086923599243,0.25894224643707275,0.2997066080570221,0.2552005648612976,0.21717321872711182,0.23925217986106873,0.5800533294677734,0.18571247160434723,0.4950166940689087,0.15485535562038422,0.4361173212528229,0.1326509267091751,0.37640219926834106
0.3187834322452545,0.8576427698135376,0.4163926839828491,0.8086965084075928,0.5002620816230774,0.7160685062408447,0.5712356567382812,0.6551483869552612,0.6407471299171448,0.6387962102890015,0.4279753267765045,0.5565415024757385,0.4775967299938202,0.425287127494812,0.5061759948730469,0.3410932123661041,0.5296292901039124,0.2658268213272095,0.3566587567329407,0.5326964855194092,0.36184942722320557,0.37321388721466064,0.36840832233428955,0.27199554443359375,0.3709747791290283,0.18672782182693481,0.2911655604839325,0.5491146445274353,0.2629605233669281,0.4088112711906433,0.25334978103637695,0.31430545449256897,0.24891358613967896,0.2307223379611969,0.23569108545780182,0.5968564748764038,0.18060807883739471,0.5110160112380981,0.14861460030078888,0.45179569721221924,0.12564590573310852,0.3921084403991699
0.3183680772781372,0.8617061972618103,0.41447412967681885,0.8105081915855408,0.49739503860473633,0.7179542183876038,0.5681560635566711,0.6581714153289795,0.6374058127403259,0.6404512524604797,0.4272446930408478,0.5518531203269958,0.47756126523017883,0.4221929907798767,0.5057087540626526,0.33908140659332275,0.5281208753585815,0.26485922932624817,0.35642486810684204,0.5284421443939209,0.36207905411720276,0.3722432255744934,0.36802938580513,0.27428627014160156,0.3695130944252014,0.19308459758758545,0.2914502024650574,0.5453587770462036,0.26304423809051514,0.40749073028564453,0.2540869414806366,0.3150085508823395,0.25051504373550415,0.2323288917541504,0.23638613522052765,0.5946138501167297,0.18081434071063995,0.5104160904884338,0.1484343707561493,0.45224058628082275,0.12567435204982758,0.39195242524147034
0.31850552558898926,0.8560932278633118,0.41633841395378113,0.8014467358589172,0.5016530156135559,0.7068215012550354,0.574296236038208,0.6470779180526733,0.6436925530433655,0.627560555934906,0.4288458228111267,0.5451991558074951,0.4772697985172272,0.4152011573314667,0.5051441788673401,0.33360135555267334,0.5284464359283447,0.2608652114868164,0.35854965448379517,0.5232695937156677,0.3656015396118164,0.3671795725822449,0.3715061843395233,0.2679966390132904,0.3731634020805359,0.18385493755340576,0.2936880886554718,0.5401942133903503,0.2672639489173889,0.40041863918304443,0.25703728199005127,0.30687418580055237,0.252074271440506,0.22298479080200195,0.23797070980072021,0.5879358649253845,0.18294507265090942,0.503679633140564,0.15040680766105652,0.44698819518089294,0.12691369652748108,0.3892766237258911
0.3177841007709503,0.8569400310516357,0.4156869351863861,0.803350567817688,0.5023964047431946,0.7070229053497314,0.576283872127533,0.6464737057685852,0.6451030969619751,0.628918468952179,0.42929792404174805,0.5460262298583984,0.4788404703140259,0.41625696420669556,0.5070270895957947,0.33422499895095825,0.5305259823799133,0.263327419757843,0.3577083945274353,0.523629903793335,0.3629942834377289,0.362918496131897,0.3686451017856598,0.2628387212753296,0.3702755868434906,0.18057256937026978,0.2931039035320282,0.540382444858551,0.2651108503341675,0.4006772041320801,0.25473377108573914,0.30906376242637634,0.24979525804519653,0.2283896803855896,0.23808972537517548,0.5877706408500671,0.18295004963874817,0.5026569366455078,0.15132680535316467,0.4458557963371277,0.12881526350975037,0.3889372944831848
0.32373854517936707,0.851793646812439,0.41993167996406555,0.7951108813285828,0.5062850713729858,0.7046448588371277,0.5796528458595276,0.6481403112411499,0.6484504342079163,0.6263241767883301,0.4302087128162384,0.5435447096824646,0.48074066638946533,0.41378408670425415,0.5097308158874512,0.33195585012435913,0.5337833166122437,0.2596595585346222,0.3577229082584381,0.5214233994483948,0.3626665472984314,0.36094075441360474,0.36871710419654846,0.25945860147476196,0.3703974783420563,0.17522567510604858,0.2917095422744751,0.5404723286628723,0.2595687508583069,0.3995407819747925,0.24622589349746704,0.3067411184310913,0.23933574557304382,0.2245146632194519,0.23700660467147827,0.5917532444000244,0.1781519055366516,0.5092878341674805,0.1436762511730194,0.4529536962509155,0.11886394023895264,0.395513117313385
0.3233416676521301,0.8602039813995361,0.4194450080394745,0.8091025352478027,0.5067899823188782,0.7171384692192078,0.5792655944824219,0.658687174320221,0.6479860544204712,0.6444280743598938,0.43105775117874146,0.5565164089202881,0.4837639331817627,0.42805254459381104,0.513771116733551,0.3439217805862427,0.5377674698829651,0.2691097855567932,0.35758334398269653,0.5333299040794373,0.3602618873119354,0.3739771544933319,0.36686646938323975,0.27294567227363586,0.3691902160644531,0.18755972385406494,0.2912060022354126,0.55208820104599,0.25703901052474976,0.41256052255630493,0.24343229830265045,0.3194996118545532,0.23562590777873993,0.23571714758872986,0.23731882870197296,0.6032174825668335,0.1779301017522812,0.521216869354248,0.14227986335754395,0.46572843194007874,0.11571559309959412,0.40821659564971924
0.3249395489692688,0.8697090148925781,0.41983717679977417,0.8185468912124634,0.5021234154701233,0.7314788699150085,0.5701149702072144,0.6749557256698608,0.6369975805282593,0.6567260026931763,0.431349515914917,0.5654926300048828,0.48356005549430847,0.43728309869766235,0.5130305290222168,0.3554770350456238,0.5378224849700928,0.2810090184211731,0.36030954122543335,0.5417123436927795,0.362575501203537,0.3827696740627289,0.36875438690185547,0.2808520197868347,0.371475487947464,0.19352811574935913,0.29496416449546814,0.5603029727935791,0.2599550783634186,0.41970008611679077,0.24673381447792053,0.3273666501045227,0.24000990390777588,0.24289149045944214,0.24086616933345795,0.6123508810997009,0.18083639442920685,0.5299540758132935,0.14564800262451172,0.4743320345878601,0.1196976900100708,0.4157317876815796
0.3174477815628052,0.872016966342926,0.414385586977005,0.8258467316627502,0.4949931502342224,0.7417622804641724,0.5600049495697021,0.6852938532829285,0.6233279705047607,0.6675417423248291,0.4285910427570343,0.5754995346069336,0.479669451713562,0.4433499574661255,0.5066930055618286,0.35928452014923096,0.5282083749771118,0.28414610028266907,0.3564791679382324,0.5506638288497925,0.3577316403388977,0.38894566893577576,0.3637012839317322,0.2852228581905365,0.3660036027431488,0.19724038243293762,0.29065805673599243,0.5674992799758911,0.2569026052951813,0.42600101232528687,0.24577316641807556,0.3303740918636322,0.24023832380771637,0.24509668350219727,0.2368103563785553,0.6173451542854309,0.17763325572013855,0.5342525839805603,0.14207935333251953,0.4771808981895447,0.11589014530181885,0.4186667203903198
0.31451717019081116,0.8710141777992249,0.41176319122314453,0.8245679140090942,0.4952741861343384,0.7401291131973267,0.5620207786560059,0.683814525604248,0.6273119449615479,0.6675052046775818,0.4285537004470825,0.5743505954742432,0.4802264869213104,0.4422304034233093,0.507315993309021,0.35808640718460083,0.5290791988372803,0.28250518441200256,0.35579609870910645,0.548281729221344,0.35932475328445435,0.38961732387542725,0.3656255304813385,0.2874618470668793,0.36824530363082886,0.2006625533103943,0.2894212305545807,0.5633885860443115,0.25846773386001587,0.4250381588935852,0.2471337467432022,0.3317338526248932,0.24119217693805695,0.24831169843673706,0.2347712367773056,0.6119564771652222,0.17709501087665558,0.5299612283706665,0.14143580198287964,0.47507092356681824,0.11480072140693665,0.4186590909957886
0.3172801434993744,0.872689425945282,0.4128047227859497,0.8245564699172974,0.4958527088165283,0.7364639043807983,0.5644016861915588,0.6788341403007507,0.630297839641571,0.6625684499740601,0.42550426721572876,0.5687185525894165,0.4786832928657532,0.4380515217781067,0.5070374011993408,0.35403871536254883,0.5290647745132446,0.27918490767478943,0.35291650891304016,0.5426890254020691,0.35637161135673523,0.38124462962150574,0.3634681701660156,0.27907541394233704,0.3664975166320801,0.1938607096672058,0.2869641184806824,0.5581905841827393,0.25604650378227234,0.41946956515312195,0.2440829873085022,0.3265024423599243,0.2373194694519043,0.2433556616306305,0.23257985711097717,0.6073522567749023,0.1763172298669815,0.5247066617012024,0.14184950292110443,0.46887028217315674,0.11586704850196838,0.4113095700740814
0.3181892931461334,0.8775594234466553,0.4157297909259796,0.8340883255004883,0.4988018870353699,0.7471034526824951,0.5659173727035522,0.6911267042160034,0.6315730810165405,0.6770642995834351,0.43198952078819275,0.5792422294616699,0.4830484986305237,0.4477136433124542,0.5106015205383301,0.36341995000839233,0.5324816107749939,0.2862471342086792,0.35905328392982483,0.551243007183075,0.3635951578617096,0.3902401328086853,0.3700542449951172,0.2869207561016083,0.37217220664024353,0.19767391681671143,0.2922166585922241,0.5651854872703552,0.2604590058326721,0.4256324768066406,0.24865968525409698,0.3329698145389557,0.24165339767932892,0.24946582317352295,0.23720231652259827,0.611636757850647,0.1816793829202652,0.5260229110717773,0.14718714356422424,0.47076284885406494,0.12080606818199158,0.4138699769973755
0.3309599757194519,0.9118824601173401,0.4300870895385742,0.8733857274055481,0.5130420327186584,0.7873062491416931,0.582680344581604,0.7252404093742371,0.6494029760360718,0.7042164206504822,0.4458976089954376,0.6041911840438843,0.5008110404014587,0.4699293375015259,0.5268906354904175,0.3815879821777344,0.5460419654846191,0.30151528120040894,0.37078285217285156,0.5765162110328674,0.37116995453834534,0.4051664471626282,0.37562111020088196,0.2991237938404083,0.37619879841804504,0.2045033872127533,0.30405527353286743,0.5936762094497681,0.2675133943557739,0.45173463225364685,0.25497081875801086,0.3573329746723175,0.24824132025241852,0.26839444041252136,0.2499069720506668,0.6443042755126953,0.19096717238426208,0.5524941086769104,0.1568598747253418,0.4912317395210266,0.13204863667488098,0.4268103837966919
0.3584787845611572,0.9399181008338928,0.4578281044960022,0.9048217535018921,0.5393543243408203,0.8204628229141235,0.6072037816047668,0.7578353881835938,0.6711577773094177,0.7286760807037354,0.4758235812187195,0.6294144988059998,0.5362834334373474,0.4969925582408905,0.5665945410728455,0.407999187707901,0.5887472629547119,0.32510319352149963,0.399294912815094,0.6003929376602173,0.40066421031951904,0.4301900863647461,0.4041155278682709,0.32416588068008423,0.4032151997089386,0.22684943675994873,0.3302748501300812,0.6171377897262573,0.28819161653518677,0.47522011399269104,0.2704903483390808,0.3777334988117218,0.26037630438804626,0.2834092676639557,0.27310118079185486,0.6685677170753479,0.20799067616462708,0.575630784034729,0.17182913422584534,0.5142485499382019,0.14651775360107422,0.4477859139442444
0.3673022389411926,0.9691858291625977,0.4667566120624542,0.9313091039657593,0.5497856140136719,0.8463993072509766,0.6201364398002625,0.781304121017456,0.6877868175506592,0.7484312057495117,0.4837345480918884,0.6494295001029968,0.5492717027664185,0.5116842985153198,0.5802522897720337,0.4183533489704132,0.6014944314956665,0.3317704200744629,0.4039243757724762,0.6188235282897949,0.40896326303482056,0.4427156448364258,0.41448134183883667,0.32975098490715027,0.4147182106971741,0.22673571109771729,0.33232155442237854,0.6364080905914307,0.29116976261138916,0.48739367723464966,0.2737874388694763,0.3837253153324127,0.2642180621623993,0.2853391468524933,0.27316150069236755,0.6907404065132141,0.20681706070899963,0.5938646793365479,0.1707170307636261,0.527374267578125,0.14645588397979736,0.4562564492225647
0.3662799000740051,0.9867608547210693,0.46555763483047485,0.9426554441452026,0.549403727054596,0.8573123216629028,0.6226562261581421,0.7948406338691711,0.6945485472679138,0.7639889717102051,0.4811829626560211,0.6627758145332336,0.5461568832397461,0.52519690990448,0.5775830745697021,0.4324765205383301,0.6006613969802856,0.34718772768974304,0.4015549421310425,0.6336406469345093,0.40466412901878357,0.45633015036582947,0.41011151671409607,0.341831237077713,0.41131842136383057,0.23777228593826294,0.3293224275112152,0.6538695693016052,0.2910933494567871,0.5016074776649475,0.27696147561073303,0.3952793776988983,0.2697770893573761,0.29425734281539917,0.2702763080596924,0.7099784016609192,0.2048494964838028,0.6082439422607422,0.167953759431839,0.5374684929847717,0.14167305827140808,0.46120721101760864
0.37203970551490784,0.9911139011383057,0.4690674841403961,0.9430564045906067,0.5516424179077148,0.8576499223709106,0.6231539845466614,0.7966535091400146,0.6943528652191162,0.7671539783477783,0.47955232858657837,0.665120542049408,0.5471056699752808,0.5286279916763306,0.5803024768829346,0.4341212511062622,0.6043073534965515,0.3484148681163788,0.39942482113838196,0.6364608407020569,0.4037667512893677,0.4556042551994324,0.40984365344047546,0.338724821805954,0.4114490747451782,0.23310774564743042,0.32728147506713867,0.655886709690094,0.28869688510894775,0.5021281242370605,0.2763705849647522,0.39344581961631775,0.27095717191696167,0.2910327613353729,0.268228679895401,0.7109320759773254,0.2002493143081665,0.6090306639671326,0.16319143772125244,0.5368593335151672,0.1370241940021515,0.45996570587158203
0.35966530442237854,0.9763284921646118,0.4629046618938446,0.9370296001434326,0.5511579513549805,0.8576493263244629,0.6248021721839905,0.7975289225578308,0.6956499218940735,0.7639598846435547,0.4792349934577942,0.6581346392631531,0.5440460443496704,0.5179826021194458,0.5772091150283813,0.42145836353302,0.6028525829315186,0.3324756920337677,0.3996937870979309,0.6287845373153687,0.4052305221557617,0.4526720941066742,0.41285064816474915,0.3359529376029968,0.41618725657463074,0.22764739394187927,0.3274250626564026,0.6475650668144226,0.2909403443336487,0.49736809730529785,0.2809212803840637,0.3881245255470276,0.27782967686653137,0.2835617959499359,0.2676469683647156,0.702440083026886,0.20154856145381927,0.6035667657852173,0.16558250784873962,0.5318862795829773,0.14034521579742432,0.45547014474868774
0.3628917932510376,0.9961878061294556,0.4627060294151306,0.946713387966156,0.5477678775787354,0.8586101531982422,0.6212185621261597,0.7922249436378479,0.695935845375061,0.7602596282958984,0.4792957305908203,0.6508893370628357,0.5479003190994263,0.5081472992897034,0.581952691078186,0.40943533182144165,0.6070534586906433,0.3196071684360504,0.3956182897090912,0.6187275648117065,0.40323978662490845,0.4327549934387207,0.4108799695968628,0.3140868544578552,0.4136062264442444,0.20638629794120789,0.31948909163475037,0.638277530670166,0.28277871012687683,0.4803714156150818,0.2711856961250305,0.37211427092552185,0.26643550395965576,0.2690688967704773,0.25606659054756165,0.6968450546264648,0.19110016524791718,0.5907773971557617,0.15557405352592468,0.5169067978858948,0.13035741448402405,0.43689316511154175
0.3482428789138794,0.966952919960022,0.4555019736289978,0.9266508221626282,0.5439154505729675,0.8420132994651794,0.6175891757011414,0.7786033153533936,0.6896895170211792,0.748965322971344,0.48111817240715027,0.6304934024810791,0.5519875884056091,0.48680374026298523,0.5845904350280762,0.38879457116127014,0.6085176467895508,0.30126953125,0.39804965257644653,0.6005066633224487,0.4099743366241455,0.4204222559928894,0.42117777466773987,0.3068777024745941,0.42779046297073364,0.20679894089698792,0.320563405752182,0.6181841492652893,0.28815722465515137,0.46410125494003296,0.27990013360977173,0.35804998874664307,0.27892476320266724,0.2598690390586853,0.25485551357269287,0.6721004247665405,0.19297486543655396,0.5707324743270874,0.15768200159072876,0.5031622648239136,0.1331602931022644,0.4322311282157898
0.36478063464164734,0.8500213623046875,0.46288609504699707,0.8022393584251404,0.5480025410652161,0.7166218757629395,0.6107817888259888,0.6617576479911804,0.6684815883636475,0.644594669342041,0.4834514856338501,0.5407272577285767,0.5332763195037842,0.4162222445011139,0.5604121685028076,0.33535775542259216,0.5807686448097229,0.26427197456359863,0.41333043575286865,0.5167283415794373,0.4223019480705261,0.3590695858001709,0.4285455644130707,0.26016104221343994,0.4290619492530823,0.17786726355552673,0.34857314825057983,0.533258855342865,0.32819145917892456,0.3973478078842163,0.3189482092857361,0.30232253670692444,0.31201303005218506,0.2181321084499359,0.2898619771003723,0.5826219320297241,0.2400672733783722,0.500045657157898,0.20801658928394318,0.44277119636535645,0.1832355558872223,0.3865512013435364
0.3682183623313904,0.8015025854110718,0.4563071131706238,0.7562386393547058,0.5330846905708313,0.6743986010551453,0.5984973907470703,0.6215528249740601,0.6595363020896912,0.6068273782730103,0.46920356154441833,0.5207546353340149,0.5115811824798584,0.4093484878540039,0.535528302192688,0.33637353777885437,0.5545622706413269,0.27245032787323,0.40753400325775146,0.4997301697731018,0.41409075260162354,0.3593088388442993,0.41987764835357666,0.27019545435905457,0.42138150334358215,0.19793841242790222,0.35112613439559937,0.5166013240814209,0.3313128352165222,0.39098286628723145,0.3221520781517029,0.3067740201950073,0.31693190336227417,0.2331905961036682,0.3016214072704315,0.5627771019935608,0.25542891025543213,0.48628002405166626,0.22807417809963226,0.4299590587615967,0.2085234522819519,0.3749709725379944
0.35291773080825806,0.7586000561714172,0.42406442761421204,0.7251617312431335,0.4891284108161926,0.6649131178855896,0.5379869341850281,0.6241630911827087,0.5832846164703369,0.6130766272544861,0.4428022801876068,0.5241616368293762,0.4784384071826935,0.42922845482826233,0.4969872534275055,0.36930549144744873,0.5120359659194946,0.3164844512939453,0.3935569226741791,0.5063653588294983,0.40224459767341614,0.394112229347229,0.40744590759277344,0.3217913508415222,0.4091634452342987,0.26147761940956116,0.34704872965812683,0.5181558132171631,0.3326133191585541,0.4162265658378601,0.3251429498195648,0.34805160760879517,0.3209100067615509,0.28788191080093384,0.3041948080062866,0.5535659193992615,0.27262529730796814,0.49224787950515747,0.2543221116065979,0.44918835163116455,0.2418573945760727,0.4085206389427185
0.35001054406166077,0.7136197686195374,0.40966999530792236,0.6826749444007874,0.4611518979072571,0.6262926459312439,0.504314661026001,0.5918316841125488,0.5441019535064697,0.5911789536476135,0.4241315424442291,0.5103944540023804,0.45306169986724854,0.4284563958644867,0.4688169062137604,0.37589138746261597,0.4822118878364563,0.32819074392318726,0.3803437352180481,0.4938054382801056,0.3868104815483093,0.39493870735168457,0.3929571211338043,0.3306874632835388,0.3974873125553131,0.2751462757587433,0.3387640416622162,0.5035173296928406,0.32659751176834106,0.4159778952598572,0.3223645091056824,0.357757031917572,0.3210391700267792,0.3058771789073944,0.30129536986351013,0.5345438718795776,0.26983824372291565,0.48115023970603943,0.25136512517929077,0.44185781478881836,0.23840691149234772,0.40289533138275146
0.3373473286628723,0.6787943243980408,0.39075276255607605,0.6531791687011719,0.43648090958595276,0.6030341982841492,0.47153186798095703,0.5698184967041016,0.5048721432685852,0.5705734491348267,0.39946696162223816,0.4982239305973053,0.4236043095588684,0.42281442880630493,0.43773624300956726,0.37430539727211,0.4494745135307312,0.3340052366256714,0.3604563772678375,0.48625263571739197,0.3645024597644806,0.39776840806007385,0.36828503012657166,0.3410557508468628,0.37061312794685364,0.29392731189727783,0.32463544607162476,0.4961831867694855,0.3128507435321808,0.4169062077999115,0.30949831008911133,0.3662865161895752,0.30936896800994873,0.32179921865463257,0.2925715446472168,0.5242819786071777,0.2640281319618225,0.47865957021713257,0.24637165665626526,0.44749099016189575,0.23363915085792542,0.41702988743782043
0.33632394671440125,0.6662006974220276,0.3875264525413513,0.6398000717163086,0.4296085834503174,0.5885658860206604,0.4638383388519287,0.5585660934448242,0.49455517530441284,0.5602567791938782,0.392533540725708,0.4897856116294861,0.4133527874946594,0.4182417392730713,0.4278298020362854,0.3733505308628082,0.441567063331604,0.3353694677352905,0.35554221272468567,0.4802328944206238,0.35677674412727356,0.3974272608757019,0.36030980944633484,0.3451959490776062,0.3636339604854584,0.3016645312309265,0.3220501244068146,0.4917770326137543,0.3096224069595337,0.4185454249382019,0.30644649267196655,0.3701615333557129,0.30676108598709106,0.32721373438835144,0.292361855506897,0.5205817222595215,0.2651381492614746,0.47779086232185364,0.2483987659215927,0.44760164618492126,0.23632469773292542,0.4177455008029938
0.3381427228450775,0.6573624014854431,0.38768696784973145,0.6310036182403564,0.42853549122810364,0.5800169110298157,0.46242523193359375,0.5499253273010254,0.49175891280174255,0.553014874458313,0.3908631205558777,0.4841184914112091,0.41227662563323975,0.4131498634815216,0.42656660079956055,0.36851394176483154,0.43931156396865845,0.3315228819847107,0.35438451170921326,0.47506242990493774,0.35587647557258606,0.3940183222293854,0.359489381313324,0.343125581741333,0.36229243874549866,0.301021546125412,0.32120180130004883,0.48573586344718933,0.3105977773666382,0.4126701354980469,0.3072929084300995,0.36390429735183716,0.30667418241500854,0.321201354265213,0.2920391261577606,0.5125525593757629,0.265367329120636,0.46953266859054565,0.24847480654716492,0.4399419128894806,0.23596754670143127,0.41143783926963806
0.34031403064727783,0.6570835113525391,0.38976988196372986,0.6292819380760193,0.42993196845054626,0.5799418091773987,0.4621354639530182,0.5515909194946289,0.4911368489265442,0.5532652735710144,0.3929084837436676,0.4848383069038391,0.4142054319381714,0.417357861995697,0.42750298976898193,0.37325167655944824,0.43949374556541443,0.33611565828323364,0.3574731647968292,0.47644728422164917,0.357932448387146,0.39672526717185974,0.3604317605495453,0.3464282155036926,0.3622373640537262,0.3050238788127899,0.325094074010849,0.4880511164665222,0.3123047351837158,0.41646650433540344,0.30767983198165894,0.3698652982711792,0.30601897835731506,0.32963526248931885,0.29646897315979004,0.515590250492096,0.2693561613559723,0.4732937812805176,0.2529137134552002,0.4429606795310974,0.2410699725151062,0.41358524560928345
0.34083616733551025,0.6535012722015381,0.3878234326839447,0.6272293925285339,0.42817002534866333,0.5790879726409912,0.45980918407440186,0.5499181151390076,0.48739761114120483,0.554886519908905,0.39458462595939636,0.4884496331214905,0.41643714904785156,0.4249248206615448,0.4301646053791046,0.38326895236968994,0.4427732825279236,0.3477360010147095,0.36056074500083923,0.47794878482818604,0.3628065884113312,0.39967745542526245,0.36650919914245605,0.35148459672927856,0.3698163330554962,0.31192588806152344,0.328875333070755,0.4874134361743927,0.31756338477134705,0.4175969362258911,0.31306949257850647,0.37158262729644775,0.31197431683540344,0.33229193091392517,0.3000839650630951,0.5131283402442932,0.2730124592781067,0.47062745690345764,0.25664854049682617,0.4406404197216034,0.245516836643219,0.41106489300727844
0.3385864794254303,0.6514703631401062,0.38472989201545715,0.62640780210495,0.4229947030544281,0.5808990001678467,0.45289263129234314,0.5530285239219666,0.47909653186798096,0.5532808899879456,0.3893388509750366,0.4900071322917938,0.40893566608428955,0.4263945519924164,0.4226202666759491,0.3858723044395447,0.4350084364414215,0.3505897521972656,0.3555313050746918,0.47940534353256226,0.35677891969680786,0.40109482407569885,0.3599095940589905,0.3527863323688507,0.36247891187667847,0.31277352571487427,0.32489410042762756,0.48850616812705994,0.31418800354003906,0.420546293258667,0.3104362487792969,0.3745296001434326,0.30942392349243164,0.3343726396560669,0.2975109815597534,0.5142029523849487,0.27160927653312683,0.4717777371406555,0.25576120615005493,0.44260668754577637,0.2447929084300995,0.4139353036880493
0.331509530544281,0.6536052227020264,0.3803301751613617,0.6295921802520752,0.41896331310272217,0.5830738544464111,0.44864141941070557,0.5547171235084534,0.472601979970932,0.5575083494186401,0.3838313817977905,0.4928993582725525,0.4038347899913788,0.4284491240978241,0.4160917401313782,0.3871041536331177,0.42666709423065186,0.3522835373878479,0.34883826971054077,0.482385516166687,0.35031700134277344,0.4060625731945038,0.35291817784309387,0.3573393225669861,0.35441362857818604,0.3173743188381195,0.31725433468818665,0.4917694330215454,0.30557981133461,0.4237082302570343,0.30093562602996826,0.37765365839004517,0.29872554540634155,0.33852705359458923,0.28953301906585693,0.5177684426307678,0.2605302035808563,0.47756969928741455,0.2424466609954834,0.4480113685131073,0.22899611294269562,0.4192020297050476
0.3081218898296356,0.6487301588058472,0.3570154905319214,0.6238013505935669,0.39737504720687866,0.5768016576766968,0.4290969669818878,0.5491228103637695,0.4572702646255493,0.5515463352203369,0.3571876585483551,0.48302119970321655,0.3795444667339325,0.4213223159313202,0.39405423402786255,0.3822016417980194,0.4059128165245056,0.35045325756073,0.3221357762813568,0.4733879268169403,0.3238286077976227,0.39566391706466675,0.32636237144470215,0.34546542167663574,0.32695820927619934,0.3054348826408386,0.2913910746574402,0.4843020439147949,0.2782549560070038,0.4159143567085266,0.27156054973602295,0.3684118986129761,0.26778626441955566,0.32766228914260864,0.2646699845790863,0.5116375088691711,0.23762047290802002,0.4720079004764557,0.22205592691898346,0.4417947232723236,0.21127596497535706,0.41258710622787476
0.28555330634117126,0.6535772085189819,0.33577704429626465,0.628423273563385,0.3765893280506134,0.5849369168281555,0.4085862934589386,0.5570194125175476,0.4386689364910126,0.5555770993232727,0.3375675082206726,0.48648855090141296,0.358172208070755,0.4230049252510071,0.37167567014694214,0.3826623558998108,0.38297855854034424,0.348347932100296,0.3009572923183441,0.4751399755477905,0.2998060882091522,0.39077872037887573,0.302307665348053,0.339119553565979,0.30333369970321655,0.29672491550445557,0.2681078612804413,0.48669376969337463,0.24743524193763733,0.4155536890029907,0.23784570395946503,0.3650715947151184,0.2316398322582245,0.3212023973464966,0.23931559920310974,0.5150851607322693,0.21034596860408783,0.4711950719356537,0.1921374797821045,0.4407501816749573,0.1777811348438263,0.4114196002483368
0.2691592574119568,0.6550076603889465,0.3198874592781067,0.6300674676895142,0.36154845356941223,0.5863955616950989,0.39310964941978455,0.5609022378921509,0.4237596094608307,0.560612678527832,0.3189094066619873,0.4850459694862366,0.34096264839172363,0.4199836552143097,0.35508230328559875,0.37892404198646545,0.36659249663352966,0.3446321487426758,0.2805487811565399,0.47382062673568726,0.2803790867328644,0.38926562666893005,0.2832105755805969,0.3381623327732086,0.28439295291900635,0.29594510793685913,0.24612899124622345,0.48459067940711975,0.2291409820318222,0.4107447564601898,0.22207900881767273,0.36310458183288574,0.21755021810531616,0.3218435049057007,0.2164410650730133,0.5117731690406799,0.18751107156276703,0.46820497512817383,0.17079873383045197,0.43798792362213135,0.15764719247817993,0.4091658294200897
0.24172736704349518,0.64453125,0.2950797379016876,0.6155493259429932,0.34041398763656616,0.5739092230796814,0.3759777843952179,0.5497006773948669,0.40978169441223145,0.5508636832237244,0.2887451946735382,0.464653342962265,0.31249159574508667,0.39506036043167114,0.3274546265602112,0.35015663504600525,0.3407793641090393,0.31144753098487854,0.24945278465747833,0.4556786119937897,0.25094518065452576,0.36888575553894043,0.2560015320777893,0.31284844875335693,0.26053890585899353,0.26461637020111084,0.2158103734254837,0.46814313530921936,0.20111721754074097,0.3910665214061737,0.19302091002464294,0.338955283164978,0.1885634958744049,0.29289621114730835,0.18813768029212952,0.4977821707725525,0.1531534045934677,0.45484423637390137,0.1322409212589264,0.42337238788604736,0.11609233915805817,0.3912082612514496
0.22596317529678345,0.6459506154060364,0.28281527757644653,0.615102231502533,0.3305756449699402,0.570547878742218,0.3713102340698242,0.5440381765365601,0.4098503887653351,0.54633629322052,0.2826366722583771,0.44800445437431335,0.3098986744880676,0.3704167902469635,0.32607391476631165,0.32388830184936523,0.33886465430259705,0.2847630977630615,0.24169160425662994,0.4366613030433655,0.24639961123466492,0.3419313132762909,0.2489173710346222,0.2819552421569824,0.24947045743465424,0.23395413160324097,0.20428989827632904,0.4493562579154968,0.1886378824710846,0.366313636302948,0.17997080087661743,0.30888882279396057,0.1747932732105255,0.25987714529037476,0.171219602227211,0.48148390650749207,0.13502264022827148,0.43461501598358154,0.1131342351436615,0.40000224113464355,0.09657973051071167,0.3649998903274536
0.21834269165992737,0.6528019905090332,0.27765223383903503,0.6207939982414246,0.32878386974334717,0.5728334784507751,0.3713664412498474,0.5442072749137878,0.4100244343280792,0.5464306473731995,0.2761310636997223,0.4456348121166229,0.30488893389701843,0.36507222056388855,0.320390522480011,0.31489256024360657,0.3310137689113617,0.2724352180957794,0.23259037733078003,0.4331723153591156,0.23829397559165955,0.33433210849761963,0.2417115867137909,0.27202239632606506,0.24178549647331238,0.22207194566726685,0.19332009553909302,0.4459194839000702,0.17652568221092224,0.3572334945201874,0.16810941696166992,0.2968175411224365,0.16269561648368835,0.24495668709278107,0.15985701978206635,0.4790833294391632,0.12098199129104614,0.4305294454097748,0.0974007397890091,0.3950074017047882,0.0791323184967041,0.3598082661628723
0.6860940456390381,0.8956232070922852,0.5922301411628723,0.8723235130310059,0.5073035955429077,0.795730471611023,0.44280850887298584,0.7362344264984131,0.38276344537734985,0.7078568935394287,0.5521271228790283,0.6176139116287231,0.507508397102356,0.4981749653816223,0.4818265736103058,0.4195519685745239,0.46385738253593445,0.3500853180885315,0.6166689991950989,0.5885144472122192,0.6018229722976685,0.4432162940502167,0.5930617451667786,0.3485878109931946,0.5861139297485352,0.2658158242702484,0.6783694624900818,0.594977617263794,0.6848759055137634,0.460202693939209,0.6857601404190063,0.36824390292167664,0.6837385296821594,0.2832067310810089,0.737168550491333,0.6303579807281494,0.7840884923934937,0.5407126545906067,0.8149852752685547,0.4771847128868103,0.8380436897277832,0.41505008935928345
0.6878068447113037,0.907114565372467,0.5947974324226379,0.8818684220314026,0.5101780295372009,0.8014531135559082,0.4456945061683655,0.7420554161071777,0.386125385761261,0.7146939635276794,0.5572406053543091,0.6246745586395264,0.5124004483222961,0.5055754780769348,0.48697811365127563,0.4256032705307007,0.4694770574569702,0.3550105690956116,0.6220232844352722,0.5964679718017578,0.6094812750816345,0.4495025873184204,0.6007140278816223,0.35280123353004456,0.5935220122337341,0.2686220705509186,0.6830681562423706,0.6040710210800171,0.6914476156234741,0.46925240755081177,0.6922022700309753,0.37595754861831665,0.6900676488876343,0.28972309827804565,0.7406824827194214,0.6407804489135742,0.7893455624580383,0.5501095056533813,0.8209754824638367,0.48507213592529297,0.8449000716209412,0.4211685061454773
0.6818792819976807,0.8805476427078247,0.5888027548789978,0.8587610125541687,0.5026151537895203,0.7810102701187134,0.43948012590408325,0.7207892537117004,0.3805254399776459,0.6968286633491516,0.5492898225784302,0.6058974862098694,0.5032110214233398,0.4879886507987976,0.4766421914100647,0.41111141443252563,0.4583336412906647,0.34260082244873047,0.6129311323165894,0.5753377079963684,0.5980674028396606,0.42967087030410767,0.5901111960411072,0.33588096499443054,0.5846233367919922,0.25333696603775024,0.673613965511322,0.5805387496948242,0.6829972863197327,0.44453489780426025,0.684592604637146,0.3528919517993927,0.6831026673316956,0.267885684967041,0.7311999201774597,0.6146523952484131,0.7804256081581116,0.526107907295227,0.8124499320983887,0.4627501368522644,0.8364445567131042,0.3999822735786438
0.6762012839317322,0.880713701248169,0.5832563638687134,0.8577761650085449,0.4967910647392273,0.7819685935974121,0.43376243114471436,0.7234885692596436,0.3758111000061035,0.7013976573944092,0.5418394207954407,0.6072049140930176,0.49642467498779297,0.49162864685058594,0.4686758518218994,0.416104793548584,0.4488496780395508,0.34961673617362976,0.6032021045684814,0.5780372619628906,0.5873702168464661,0.4364863932132721,0.5782454609870911,0.34435972571372986,0.5719688534736633,0.26419690251350403,0.6626118421554565,0.5828688740730286,0.6702151894569397,0.45027682185173035,0.6710836887359619,0.3611365854740143,0.669141411781311,0.2789364755153656,0.7199634313583374,0.6156258583068848,0.7664016485214233,0.525816023349762,0.7967770099639893,0.46202385425567627,0.8200851678848267,0.39985883235931396
0.6701160669326782,0.8628368377685547,0.5791595578193665,0.8446999192237854,0.49360695481300354,0.7735951542854309,0.4301958680152893,0.7157204151153564,0.37131351232528687,0.6914114356040955,0.534835696220398,0.596984326839447,0.4879063665866852,0.4842492341995239,0.45951372385025024,0.4093705415725708,0.43944302201271057,0.34245219826698303,0.5955674052238464,0.5662521719932556,0.5777288675308228,0.42684048414230347,0.5670424699783325,0.33577585220336914,0.5590763688087463,0.2558620870113373,0.6542677283287048,0.5703807473182678,0.6605619192123413,0.4381970465183258,0.6601607203483582,0.3484349250793457,0.6571918725967407,0.2648041248321533,0.7105392217636108,0.6033585667610168,0.7577466368675232,0.5152712464332581,0.7878655195236206,0.4513901174068451,0.810698926448822,0.38849300146102905
0.6643264889717102,0.8641243577003479,0.572394073009491,0.8477656245231628,0.4851752817630768,0.7795846462249756,0.4211682081222534,0.7244710922241211,0.3624974489212036,0.7012258768081665,0.5229218006134033,0.6020122766494751,0.4739658236503601,0.4892764091491699,0.4453270733356476,0.41350796818733215,0.4246160089969635,0.34584054350852966,0.5844765901565552,0.5704035758972168,0.5668915510177612,0.43011438846588135,0.5563222169876099,0.3381294310092926,0.5474463105201721,0.2558930814266205,0.6437305212020874,0.5749065279960632,0.6505445241928101,0.44044435024261475,0.6518873572349548,0.35026785731315613,0.6488271355628967,0.2659476101398468,0.7001836895942688,0.6084218621253967,0.7451196908950806,0.5168606638908386,0.7731502056121826,0.45168665051460266,0.7933494448661804,0.3872775435447693
0.6572211980819702,0.8497962951660156,0.565055251121521,0.8353708386421204,0.4792400598526001,0.7717519998550415,0.41662681102752686,0.7163485288619995,0.3585444986820221,0.6913820505142212,0.515690803527832,0.5927305817604065,0.4642983078956604,0.48133552074432373,0.4348669946193695,0.406009703874588,0.41419821977615356,0.33810657262802124,0.5773144364356995,0.5593534708023071,0.5589159727096558,0.41982465982437134,0.5491074919700623,0.3273478150367737,0.5413623452186584,0.24470064043998718,0.636551022529602,0.5625302195549011,0.6452792882919312,0.4304398000240326,0.6475546956062317,0.3426060974597931,0.6460854411125183,0.26046615839004517,0.6928749680519104,0.5952081084251404,0.73639976978302,0.5043489933013916,0.7641738057136536,0.4394567012786865,0.784346342086792,0.3747933506965637
0.648497998714447,0.8452231884002686,0.5584980845451355,0.8317912220954895,0.47646456956863403,0.7658759355545044,0.4148910641670227,0.7124446630477905,0.3567752242088318,0.6918435096740723,0.5091575384140015,0.5947695970535278,0.45881733298301697,0.484639436006546,0.42995965480804443,0.4094889163970947,0.41002362966537476,0.3421567976474762,0.5707262754440308,0.5612134337425232,0.5537757277488708,0.4228622615337372,0.5439063310623169,0.3330228924751282,0.535717248916626,0.2528061270713806,0.6294272541999817,0.5648869276046753,0.6389009952545166,0.43192052841186523,0.6405743360519409,0.3474976420402527,0.6376581788063049,0.2682831585407257,0.6842131018638611,0.5984650254249573,0.7271509170532227,0.5085296034812927,0.7538758516311646,0.445954293012619,0.7723060250282288,0.3837105333805084
0.6398266553878784,0.8305612206459045,0.5544149279594421,0.8155907988548279,0.47412779927253723,0.7556198835372925,0.4127005338668823,0.7051970362663269,0.3556804060935974,0.6852683424949646,0.5059372782707214,0.5865010023117065,0.45640793442726135,0.47934409976005554,0.4285662770271301,0.40778136253356934,0.4105404019355774,0.34411972761154175,0.5660482048988342,0.5539035797119141,0.5475011467933655,0.4197885990142822,0.5377454161643982,0.3339385390281677,0.5306351184844971,0.2579261064529419,0.6232320666313171,0.5558472871780396,0.6342520713806152,0.4274417757987976,0.6373207569122314,0.34526145458221436,0.635834813117981,0.2699025273323059,0.6762341856956482,0.5865209698677063,0.716849684715271,0.49730587005615234,0.7430359125137329,0.43725475668907166,0.7613543272018433,0.37853682041168213
0.6303479671478271,0.8073383569717407,0.5498176217079163,0.7921711206436157,0.4720286726951599,0.7336316108703613,0.41435566544532776,0.6877291202545166,0.3625216484069824,0.6713706254959106,0.5049707293510437,0.5753266215324402,0.4575047492980957,0.476610004901886,0.42974674701690674,0.4111427068710327,0.4109596312046051,0.3532464802265167,0.5608289241790771,0.5446853637695312,0.5410744547843933,0.4207327961921692,0.5299679636955261,0.34009408950805664,0.5217065811157227,0.2699474096298218,0.6145983338356018,0.5468486547470093,0.6227820515632629,0.42775440216064453,0.6251430511474609,0.35049694776535034,0.6233983039855957,0.2809660732746124,0.6646754741668701,0.5757660865783691,0.6997613310813904,0.49058207869529724,0.7227842807769775,0.4339943528175354,0.7391877174377441,0.37928831577301025
0.6225311756134033,0.7848799228668213,0.5450370907783508,0.7726030945777893,0.46953505277633667,0.7175841927528381,0.41377967596054077,0.6738914847373962,0.3649768531322479,0.6572399735450745,0.501968264579773,0.5633878111839294,0.45869672298431396,0.4695441722869873,0.43338489532470703,0.40813493728637695,0.41639798879623413,0.3523027002811432,0.5550380945205688,0.5349100232124329,0.5382767915725708,0.4173964858055115,0.5283722281455994,0.34255170822143555,0.5211510062217712,0.27564096450805664,0.605622410774231,0.5373305678367615,0.6155531406402588,0.42407774925231934,0.6182323098182678,0.35119596123695374,0.616625189781189,0.2844644784927368,0.6525015234947205,0.5644740462303162,0.6867591142654419,0.4836471378803253,0.709436297416687,0.42985230684280396,0.725676953792572,0.3766178488731384
0.627532958984375,0.7853666543960571,0.5482608079910278,0.7728333473205566,0.47293707728385925,0.7191008925437927,0.4171830415725708,0.6756339073181152,0.36839058995246887,0.660484790802002,0.5065897703170776,0.5625559091567993,0.4599449038505554,0.4691593647003174,0.4333948791027069,0.4076400101184845,0.4150373935699463,0.353010892868042,0.5590786933898926,0.532304584980011,0.5408753156661987,0.4131619930267334,0.5304118394851685,0.33840298652648926,0.5226455926895142,0.2735030949115753,0.6094231009483337,0.5337322354316711,0.6181546449661255,0.41952478885650635,0.6180651187896729,0.3463480472564697,0.6146361827850342,0.28099989891052246,0.6564002633094788,0.5607162714004517,0.6899303197860718,0.4799231290817261,0.71141117811203,0.4256477952003479,0.726631224155426,0.373227596282959
0.6393192410469055,0.8130764365196228,0.555561363697052,0.7983295917510986,0.47454914450645447,0.7424952387809753,0.4142027497291565,0.6981585025787354,0.36205780506134033,0.6838110685348511,0.5088996291160583,0.5739350318908691,0.4608718156814575,0.4758889079093933,0.4331734776496887,0.4118194580078125,0.4139295220375061,0.3553858995437622,0.5630049705505371,0.5413361191749573,0.5415046215057373,0.41887733340263367,0.5294491648674011,0.3410232663154602,0.5207003951072693,0.2735123634338379,0.6156865954399109,0.5403792262077332,0.6220449209213257,0.4229045510292053,0.6220284104347229,0.34729790687561035,0.6191312670707703,0.2804598808288574,0.6652753353118896,0.5654648542404175,0.6962698698043823,0.4813222289085388,0.715915858745575,0.42500534653663635,0.7298707365989685,0.3708128333091736
0.6501644253730774,0.866033673286438,0.5557478666305542,0.8547900319099426,0.4689675569534302,0.7967759966850281,0.403430700302124,0.7498342990875244,0.3444523811340332,0.7324186563491821,0.5038335919380188,0.6041719913482666,0.45184239745140076,0.4949062466621399,0.4207587242126465,0.4215623736381531,0.3978081941604614,0.35763421654701233,0.5652665495872498,0.5676265358924866,0.5430886745452881,0.4310294985771179,0.5279238224029541,0.34434974193573,0.5144311189651489,0.2695172429084778,0.6246985197067261,0.567611813545227,0.6332273483276367,0.43598634004592896,0.6326418519020081,0.35187074542045593,0.6276469826698303,0.27740541100502014,0.6799736022949219,0.5986764430999756,0.717130720615387,0.5029599666595459,0.7393953800201416,0.43971821665763855,0.7549533843994141,0.3792878985404968
0.6621986031532288,0.9339843988418579,0.5596458911895752,0.9212862849235535,0.4612475633621216,0.8589917421340942,0.3842065632343292,0.8101178407669067,0.31563812494277954,0.7901477813720703,0.4982803463935852,0.6482493281364441,0.4364789128303528,0.5239536762237549,0.4003174901008606,0.4403234124183655,0.37449076771736145,0.36639195680618286,0.5678085088729858,0.6074243187904358,0.5426936149597168,0.4520949423313141,0.52610182762146,0.3526493310928345,0.5118313431739807,0.26534387469291687,0.6343576312065125,0.6078531742095947,0.6410586833953857,0.45661672949790955,0.6402703523635864,0.35898345708847046,0.6349481344223022,0.2707940936088562,0.6961559653282166,0.6428321599960327,0.7396963834762573,0.5343705415725708,0.7657480835914612,0.4617482125759125,0.7834932804107666,0.39178064465522766
0.6597473621368408,0.9590719938278198,0.5576151013374329,0.9468191862106323,0.45764249563217163,0.884654700756073,0.37836983799934387,0.837303638458252,0.3075000047683716,0.8212575912475586,0.4995603561401367,0.6815102696418762,0.4385535717010498,0.5564357042312622,0.4000507891178131,0.4728262424468994,0.3710922598838806,0.3966447412967682,0.5707768201828003,0.6422438025474548,0.5479103922843933,0.48255422711372375,0.5314752459526062,0.3773290514945984,0.5172725319862366,0.2824840843677521,0.6392452120780945,0.6443095207214355,0.6458956599235535,0.4896049201488495,0.6462914347648621,0.3863533139228821,0.6421575546264648,0.2909644842147827,0.7045341730117798,0.679593563079834,0.7514699697494507,0.5696021318435669,0.7794870138168335,0.4921455383300781,0.7985715866088867,0.4164850115776062
0.6569710373878479,0.9104720950126648,0.5626232028007507,0.8878852725028992,0.47349804639816284,0.8236621618270874,0.4033079147338867,0.7766976356506348,0.34090864658355713,0.7605569958686829,0.5158182382583618,0.64305579662323,0.4594481885433197,0.5297818183898926,0.4253397285938263,0.4544897973537445,0.40030592679977417,0.3866662383079529,0.5772690176963806,0.6084296703338623,0.5566860437393188,0.4634975790977478,0.5454604625701904,0.36855900287628174,0.5370047092437744,0.2852078080177307,0.636542558670044,0.610745906829834,0.6439453363418579,0.47377946972846985,0.6468213796615601,0.3834013044834137,0.6454142332077026,0.2996811270713806,0.6930215954780579,0.6423190236091614,0.7386264801025391,0.5503854155540466,0.7675324082374573,0.48479318618774414,0.788731575012207,0.4201301634311676
0.6322175860404968,0.8134477138519287,0.5535714626312256,0.7915665507316589,0.4791068136692047,0.7334145307540894,0.4214296340942383,0.6892292499542236,0.36889758706092834,0.6737494468688965,0.5169604420661926,0.5769122838973999,0.47203147411346436,0.47520431876182556,0.44596144556999207,0.4106573462486267,0.42848557233810425,0.3523084819316864,0.5713708996772766,0.5514058470726013,0.5555561780929565,0.4260086417198181,0.5483735799789429,0.34752562642097473,0.5444727540016174,0.27831968665122986,0.6228110790252686,0.5570886135101318,0.6332648396492004,0.43960344791412354,0.6382194757461548,0.3656485378742218,0.6396965384483337,0.2986217439174652,0.6699817180633545,0.5862478017807007,0.7034980654716492,0.5046709179878235,0.7260227799415588,0.450981080532074,0.7423059940338135,0.39914655685424805
0.6094772815704346,0.7111822366714478,0.5439732670783997,0.6901193261146545,0.4815901219844818,0.6430019736289978,0.43411773443222046,0.6086598634719849,0.3926321864128113,0.5924557447433472,0.5136879086494446,0.5101549029350281,0.48006558418273926,0.4283280074596405,0.45988208055496216,0.3767520785331726,0.4455142021179199,0.3310697674751282,0.5580885410308838,0.487670361995697,0.5460177659988403,0.3866490423679352,0.5388282537460327,0.3240923285484314,0.5343366265296936,0.27176591753959656,0.6018301844596863,0.48996806144714355,0.6072965860366821,0.3955559730529785,0.6087763905525208,0.3353947103023529,0.6090003252029419,0.28271859884262085,0.6431470513343811,0.5117360353469849,0.6671206951141357,0.44569599628448486,0.6832304000854492,0.40035179257392883,0.6960207223892212,0.35811665654182434
0.606693685054779,0.6887876987457275,0.5417962670326233,0.6708753108978271,0.48049741983413696,0.6228655576705933,0.43591856956481934,0.5878820419311523,0.3981126546859741,0.5707660913467407,0.5126101970672607,0.49421587586402893,0.4805369973182678,0.4149947464466095,0.4617445468902588,0.364998459815979,0.44855061173439026,0.3215090036392212,0.5556627511978149,0.4716683030128479,0.5430464744567871,0.37500327825546265,0.535938560962677,0.31453216075897217,0.5315200686454773,0.26511579751968384,0.5985385179519653,0.4727475643157959,0.6046263575553894,0.3810948133468628,0.6057862639427185,0.32352691888809204,0.6060875654220581,0.2744203805923462,0.6389273405075073,0.49381276965141296,0.6608183979988098,0.430910587310791,0.6750743985176086,0.38837432861328125,0.6865887641906738,0.3488538861274719
